"","Season","Name","Team","G","AB","PA","H","Singles","Doubles","Triples","HR","R","RBI","BB","IBB","SO","HBP","SF","SH","GDP","SB","CS","AVG","playerid","TotalBases","Points"
"1",1935,"Arky Vaughan","Pirates",137,499,610,192,129,34,10,19,108,99,97,NA,18,7,NA,7,5,4,NA,0.385,1013377,303,600
"2",1927,"Paul Waner","Pirates",155,623,709,237,168,42,18,9,114,131,60,NA,14,3,NA,23,NA,5,NA,0.38,1013597,342,641
"3",1936,"Paul Waner","Pirates",148,585,666,218,151,53,9,5,107,94,74,NA,29,3,NA,4,15,7,NA,0.373,1013597,304,560
"4",1928,"Paul Waner","Pirates",152,602,697,223,148,50,19,6,142,86,77,NA,16,5,NA,13,NA,6,NA,0.37,1013597,329,629
"5",1930,"Paul Waner","Pirates",145,589,665,217,159,32,18,8,117,77,57,NA,18,4,NA,15,NA,18,NA,0.368,1013597,309,564
"6",1930,"Pie Traynor","Pirates",130,497,569,182,140,22,11,9,90,119,48,NA,19,1,NA,23,NA,7,NA,0.366,1013165,253,499
"7",1934,"Paul Waner","Pirates",146,599,677,217,155,32,16,14,122,90,68,NA,24,2,NA,8,15,8,NA,0.362,1013597,323,589
"8",1967,"Roberto Clemente","Pirates",147,585,632,209,150,26,10,23,103,110,41,17,103,3,3,0,15,9,1,0.357,1002340,324,487
"9",1925,"Kiki Cuyler","Pirates",153,617,700,220,133,43,26,18,144,102,58,NA,56,13,NA,12,NA,41,13,0.357,1002914,369,671
"10",1929,"Pie Traynor","Pirates",130,540,597,192,149,27,12,4,94,108,30,NA,7,3,NA,24,NA,13,NA,0.356,1013165,255,496
"11",1927,"Lloyd Waner","Pirates",150,629,683,223,198,17,6,2,133,27,37,NA,23,6,NA,11,NA,14,NA,0.355,1013596,258,452
"12",1924,"Kiki Cuyler","Pirates",117,466,515,165,113,27,16,9,94,85,30,NA,62,7,NA,12,NA,32,11,0.354,1002914,251,437
"13",1937,"Paul Waner","Pirates",154,619,690,219,178,30,9,2,94,74,63,NA,34,0,NA,8,11,4,NA,0.354,1013597,273,474
"14",1929,"Lloyd Waner","Pirates",151,662,726,234,181,28,20,5,134,74,37,NA,20,9,NA,18,NA,6,NA,0.353,1013596,317,557
"15",1961,"Roberto Clemente","Pirates",146,572,614,201,138,30,10,23,100,89,35,10,59,3,3,1,18,4,1,0.351,1002340,320,492
"16",1922,"Carson Bigbee","Pirates",150,614,691,215,166,29,15,5,113,99,56,NA,13,1,NA,20,NA,24,15,0.35,1000956,289,569
"17",1969,"Roberto Clemente","Pirates",138,507,570,175,124,20,12,19,87,91,56,16,73,3,4,0,19,4,1,0.345,1002340,276,444
"18",1922,"Cotton Tierney","Pirates",122,441,488,152,105,26,14,7,58,86,22,NA,40,2,NA,23,NA,7,8,0.345,1013061,227,362
"19",1923,"Charlie Grimm","Pirates",152,563,614,194,145,29,13,7,78,99,41,NA,43,0,NA,10,NA,6,9,0.345,1005068,270,451
"20",2006,"Freddy Sanchez","Pirates",157,582,632,200,139,53,2,6,85,85,31,6,52,7,9,3,12,3,2,0.344,1624,275,434
"21",1925,"Max Carey","Pirates",133,542,620,186,129,39,13,5,109,44,66,NA,19,4,NA,8,NA,46,11,0.343,1001944,266,516
"22",1927,"Pie Traynor","Pirates",149,573,633,196,150,32,9,5,93,106,22,NA,11,3,NA,35,NA,11,NA,0.342,1013165,261,485
"23",1966,"Matty Alou","Pirates",141,535,578,183,154,18,9,2,86,27,24,4,44,4,3,12,3,23,15,0.342,1000179,225,345
"24",1932,"Paul Waner","Pirates",154,630,697,215,135,62,10,8,107,82,56,NA,24,2,NA,9,NA,13,NA,0.341,1013597,321,557
"25",1971,"Roberto Clemente","Pirates",132,522,553,178,128,29,8,13,82,86,26,5,65,0,4,1,19,1,2,0.341,1002340,262,392
"26",1981,"Bill Madlock","Pirates",82,279,320,95,65,23,1,6,35,45,34,7,17,3,4,0,5,18,6,0.341,1007957,138,256
"27",1964,"Roberto Clemente","Pirates",155,622,683,211,152,40,7,12,95,87,51,16,87,2,5,3,9,5,2,0.339,1002340,301,454
"28",1967,"Matty Alou","Pirates",139,550,584,186,156,21,7,2,87,28,24,1,42,6,1,3,3,16,10,0.338,1000179,227,346
"29",1923,"Pie Traynor","Pirates",153,616,661,208,158,19,19,12,108,101,34,NA,19,5,NA,6,NA,28,13,0.338,1013165,301,558
"30",1977,"Dave Parker","Pirates",159,637,706,215,142,44,8,21,107,88,58,13,107,7,4,0,7,17,19,0.338,1010000,338,508
"31",1928,"Pie Traynor","Pirates",144,569,640,192,139,38,12,3,91,124,28,NA,10,1,NA,42,NA,12,NA,0.337,1013165,263,509
"32",1926,"Paul Waner","Pirates",144,536,618,180,115,35,22,8,101,79,66,NA,19,4,NA,12,NA,11,NA,0.336,1013597,283,525
"33",1929,"Paul Waner","Pirates",151,596,703,200,127,43,15,15,131,100,89,NA,24,3,NA,15,NA,15,NA,0.336,1013597,318,632
"34",1928,"Lloyd Waner","Pirates",152,659,720,221,180,22,14,5,121,61,40,NA,13,4,NA,17,NA,8,NA,0.335,1013596,286,507
"35",1936,"Arky Vaughan","Pirates",156,568,701,190,140,30,11,9,122,78,118,NA,21,5,NA,10,7,6,NA,0.335,1013377,269,577
"36",1978,"Dave Parker","Pirates",148,581,642,194,120,32,12,30,102,117,57,23,92,2,2,0,8,20,7,0.334,1010000,340,546
"37",1934,"Arky Vaughan","Pirates",149,558,660,186,122,41,11,12,115,94,94,NA,38,2,NA,6,3,10,NA,0.333,1013377,285,562
"38",1932,"Lloyd Waner","Pirates",134,565,599,188,148,27,11,2,90,38,31,NA,11,0,NA,3,NA,6,NA,0.333,1013596,243,397
"39",1968,"Matty Alou","Pirates",146,558,598,185,153,28,4,0,59,52,27,6,26,2,4,7,10,18,10,0.332,1000179,221,353
"40",1969,"Matty Alou","Pirates",162,698,746,231,183,41,6,1,105,48,42,9,35,2,3,1,5,22,8,0.331,1000179,287,471
"41",1937,"Lloyd Waner","Pirates",129,537,582,177,149,23,4,1,80,45,34,NA,12,0,NA,11,7,3,NA,0.33,1013596,211,361
"42",1932,"Pie Traynor","Pirates",135,513,556,169,130,27,10,2,74,68,32,NA,20,4,NA,7,NA,6,NA,0.329,1013165,222,386
"43",1965,"Roberto Clemente","Pirates",152,589,642,194,149,21,14,10,91,65,43,14,78,5,3,2,17,8,0,0.329,1002340,273,407
"44",1922,"Max Carey","Pirates",155,629,732,207,157,28,12,10,140,70,80,NA,26,4,NA,19,NA,51,2,0.329,1001944,289,608
"45",1975,"Manny Sanguillen","Pirates",133,481,537,158,121,24,4,9,60,58,48,15,31,3,3,2,12,6,4,0.328,1011434,217,361
"46",1939,"Paul Waner","Pirates",125,461,506,151,112,30,6,3,62,45,35,NA,18,0,NA,10,12,0,NA,0.328,1013597,202,326
"47",2012,"Andrew McCutchen","Pirates",157,593,673,194,128,29,6,31,107,96,70,13,132,5,5,0,9,20,12,0.327,9847,328,494
"48",1998,"Jason Kendall","Pirates",149,535,627,175,124,36,3,12,95,75,51,3,51,31,8,2,6,26,5,0.327,993,253,480
"49",1927,"Joe Harris","Pirates",129,411,486,134,93,27,9,5,57,73,48,NA,19,4,NA,23,NA,0,NA,0.326,1005421,194,357
"50",2003,"Jason Kendall","Pirates",150,587,666,191,153,29,3,6,84,58,49,3,40,25,3,1,9,8,7,0.325,993,244,428
"51",1970,"Manny Sanguillen","Pirates",128,486,510,158,123,19,9,7,63,61,17,9,45,0,6,1,15,2,3,0.325,1011434,216,314
"52",1925,"Clyde Barnhart","Pirates",142,539,617,175,128,32,11,4,85,114,59,NA,25,0,NA,19,NA,9,5,0.325,1000577,241,483
"53",1960,"Dick Groat","Pirates",138,573,629,186,154,26,4,2,85,50,39,0,35,4,1,12,7,0,2,0.325,1005075,226,369
"54",1930,"George Grantham","Pirates",146,552,652,179,113,34,14,18,120,99,81,NA,66,2,NA,17,NA,5,NA,0.324,1004947,295,536
"55",1992,"Andy Van Slyke","Pirates",154,614,686,199,128,45,12,14,103,89,58,4,99,4,9,0,9,12,3,0.324,1013363,310,477
"56",1935,"Woody Jensen","Pirates",143,627,657,203,160,28,7,8,97,62,15,NA,14,4,NA,11,15,9,NA,0.324,1006400,269,442
"57",1983,"Bill Madlock","Pirates",130,473,530,153,120,21,0,12,68,68,49,10,24,2,5,1,16,3,4,0.323,1007957,210,376
"58",1921,"Carson Bigbee","Pirates",147,632,684,204,161,23,17,3,100,42,41,NA,19,0,NA,11,NA,21,20,0.323,1000956,270,455
"59",1928,"George Grantham","Pirates",124,440,522,142,99,24,9,10,93,85,59,NA,37,4,NA,19,NA,9,NA,0.323,1004947,214,427
"60",1931,"Paul Waner","Pirates",150,559,646,180,129,35,10,6,88,70,73,NA,21,4,NA,10,NA,6,NA,0.322,1013597,253,473
"61",1937,"Arky Vaughan","Pirates",126,469,531,151,112,17,17,5,71,72,54,NA,22,2,NA,6,6,7,NA,0.322,1013377,217,401
"62",1938,"Arky Vaughan","Pirates",148,541,650,174,127,35,5,7,88,68,104,NA,21,2,NA,3,8,14,NA,0.322,1013377,240,495
"63",1958,"Bob Skinner","Pirates",144,529,596,170,115,33,9,13,93,70,58,7,55,2,5,2,11,12,4,0.321,1012037,260,440
"64",1929,"Adam Comorosky","Pirates",127,473,533,152,109,26,11,6,86,97,40,NA,22,2,NA,18,NA,19,NA,0.321,1002486,218,440
"65",1974,"Al Oliver","Pirates",147,617,661,198,137,38,12,11,96,85,33,1,58,5,5,1,20,10,1,0.321,1009773,293,464
"66",1926,"Kiki Cuyler","Pirates",157,614,694,197,143,31,15,8,113,92,50,NA,66,9,NA,21,NA,35,NA,0.321,1002914,282,515
"67",1984,"Lee Lacy","Pirates",138,474,520,152,111,26,3,12,66,70,32,2,61,0,2,12,10,21,11,0.321,1007243,220,348
"68",1935,"Paul Waner","Pirates",139,549,623,176,124,29,12,11,98,78,61,NA,22,3,NA,10,15,2,NA,0.321,1013597,262,482
"69",1930,"Dick Bartell","Pirates",129,475,541,152,103,32,13,4,69,75,39,NA,34,5,NA,22,NA,8,NA,0.32,1000621,222,384
"70",1963,"Roberto Clemente","Pirates",152,600,642,192,144,23,8,17,77,76,31,6,64,4,3,4,24,12,2,0.32,1002340,282,418
"71",1925,"Pie Traynor","Pirates",150,591,658,189,130,39,14,6,114,106,52,NA,19,2,NA,13,NA,15,9,0.32,1013165,274,544
"72",2000,"Jason Kendall","Pirates",152,579,678,185,132,33,6,14,112,58,79,3,79,15,4,1,13,22,12,0.32,993,272,479
"73",1971,"Manny Sanguillen","Pirates",138,533,557,170,132,26,5,7,60,81,19,13,32,3,1,1,21,6,4,0.319,1011434,227,364
"74",2004,"Jason Kendall","Pirates",147,574,658,183,148,32,0,3,86,51,60,2,41,19,4,1,12,11,8,0.319,993,224,410
"75",1982,"Bill Madlock","Pirates",154,568,634,181,126,33,3,19,92,95,48,16,39,4,13,1,12,18,6,0.319,1007957,277,495
"76",1926,"George Grantham","Pirates",141,449,522,143,95,27,13,8,66,70,60,NA,42,1,NA,12,NA,6,NA,0.318,1004947,220,381
"77",1932,"Arky Vaughan","Pirates",129,497,555,158,129,15,10,4,71,61,39,NA,26,6,NA,13,NA,10,NA,0.318,1013377,205,366
"78",2013,"Andrew McCutchen","Pirates",157,583,674,185,121,38,5,21,97,84,78,12,101,9,4,0,13,27,10,0.317,9847,296,490
"79",1926,"Pie Traynor","Pirates",152,574,639,182,137,25,17,3,83,92,38,NA,14,1,NA,26,NA,8,NA,0.317,1013165,250,458
"80",1966,"Roberto Clemente","Pirates",154,638,690,202,131,31,11,29,105,119,46,13,109,0,5,1,14,7,5,0.317,1002340,342,510
"81",1966,"Willie Stargell","Pirates",140,485,549,153,90,30,0,33,84,102,48,16,109,6,5,5,7,2,3,0.315,1012426,282,415
"82",2014,"Josh Harrison","Pirates",143,520,550,164,106,38,7,13,77,52,22,1,81,4,2,2,6,18,7,0.315,8202,255,347
"83",1957,"Dick Groat","Pirates",125,501,551,158,116,30,5,7,58,54,27,1,28,3,6,14,16,0,1,0.315,1005075,219,333
"84",1943,"Bob Elliott","Pirates",156,581,643,183,134,30,12,7,82,101,56,NA,24,1,NA,5,16,4,NA,0.315,1003733,258,478
"85",2000,"Brian Giles","Pirates",156,559,688,176,97,37,7,35,111,123,114,13,69,7,8,0,15,6,0,0.315,990,332,624
"86",1999,"Brian Giles","Pirates",141,521,627,164,89,33,3,39,109,115,95,7,80,3,8,0,14,6,2,0.315,990,320,568
"87",1931,"Lloyd Waner","Pirates",154,681,726,214,172,25,13,4,90,57,39,NA,16,1,NA,5,NA,7,NA,0.314,1013596,277,455
"88",1933,"Arky Vaughan","Pirates",152,573,655,180,123,29,19,9,85,97,64,NA,23,5,NA,13,9,3,NA,0.314,1013377,274,505
"89",1960,"Roberto Clemente","Pirates",144,570,620,179,135,22,6,16,89,94,39,4,72,2,5,4,21,4,5,0.314,1002340,261,417
"90",2014,"Andrew McCutchen","Pirates",146,548,648,172,103,38,6,25,89,83,84,8,115,10,6,0,9,18,3,0.314,9847,297,466
"91",1974,"Richie Zisk","Pirates",149,536,604,168,118,30,3,17,75,100,65,7,91,0,3,0,12,1,1,0.313,1014455,255,405
"92",1938,"Lloyd Waner","Pirates",147,619,658,194,157,25,7,5,79,57,28,NA,11,0,NA,11,12,5,NA,0.313,1013596,248,406
"93",1947,"Ralph Kiner","Pirates",152,565,666,177,99,23,4,51,118,127,98,NA,81,2,NA,1,12,1,NA,0.313,1006923,361,626
"94",1930,"Adam Comorosky","Pirates",152,597,685,187,105,47,23,12,112,119,51,NA,33,4,NA,33,NA,14,NA,0.313,1002486,316,583
"95",1993,"Orlando Merced","Pirates",137,447,527,140,102,26,4,8,68,70,77,10,64,1,2,0,9,3,3,0.313,1393,198,353
"96",1976,"Dave Parker","Pirates",138,537,573,168,117,28,10,13,82,90,30,6,80,2,4,0,16,19,7,0.313,1010000,255,398
"97",1962,"Roberto Clemente","Pirates",144,538,581,168,121,28,9,10,95,74,35,9,73,1,6,1,18,6,4,0.312,1002340,244,382
"98",1936,"Gus Suhr","Pirates",156,583,685,182,126,33,12,11,111,118,95,NA,34,2,NA,5,14,8,NA,0.312,1012674,272,572
"99",1944,"Jim Russell","Pirates",152,580,664,181,125,34,14,8,109,66,79,NA,63,5,NA,0,8,6,NA,0.312,1011315,267,469
"100",1984,"Johnny Ray","Pirates",155,555,603,173,123,38,6,6,75,67,37,2,31,3,6,2,16,11,6,0.312,1010727,241,403
"101",1972,"Al Oliver","Pirates",140,565,612,176,133,27,4,12,88,89,34,4,44,5,7,1,13,2,4,0.312,1009773,247,421
"102",1956,"Roberto Clemente","Pirates",147,543,572,169,125,30,7,7,66,60,13,2,58,4,4,8,14,6,6,0.311,1002340,234,325
"103",2016,"Starling Marte","Pirates",129,489,529,152,104,34,5,9,71,46,23,5,104,16,0,1,8,47,12,0.311,9241,223,322
"104",1992,"Barry Bonds","Pirates",140,473,612,147,72,36,5,34,109,103,127,32,69,5,7,0,9,39,8,0.311,1109,295,609
"105",1933,"Freddie Lindstrom","Pirates",138,538,596,167,113,39,10,5,70,55,33,NA,22,0,NA,25,10,1,NA,0.31,1007631,241,378
"106",1979,"Dave Parker","Pirates",158,622,707,193,116,45,7,25,109,94,67,14,101,9,9,0,7,20,4,0.31,1010000,327,525
"107",1949,"Ralph Kiner","Pirates",152,549,667,170,92,19,5,54,116,127,117,NA,61,1,NA,0,10,6,NA,0.31,1006923,361,667
"108",1993,"Jay Bell","Pirates",154,604,701,187,137,32,9,9,102,51,77,6,122,6,1,13,16,16,10,0.31,48,264,394
"109",1935,"Lloyd Waner","Pirates",122,537,562,166,130,22,14,0,83,46,22,NA,10,0,NA,3,8,1,NA,0.309,1013596,216,358
"110",1933,"Paul Waner","Pirates",154,618,694,191,130,38,16,7,101,70,60,NA,20,2,NA,14,10,3,NA,0.309,1013597,282,498
"111",2001,"Brian Giles","Pirates",160,576,674,178,97,37,7,37,116,95,90,14,67,4,4,0,10,13,6,0.309,990,340,591
"112",1921,"Max Carey","Pirates",140,521,625,161,116,34,4,7,85,56,70,NA,30,4,NA,30,NA,37,12,0.309,1001944,224,446
"113",1951,"Ralph Kiner","Pirates",151,531,670,164,85,31,6,42,124,109,137,NA,57,2,NA,0,10,2,1,0.309,1006923,333,650
"114",2004,"Jack Wilson","Pirates",157,652,693,201,137,41,12,11,82,59,26,0,71,3,5,7,15,8,4,0.308,1017,299,406
"115",1975,"Dave Parker","Pirates",148,558,602,172,102,35,10,25,75,101,38,4,89,5,1,0,18,8,6,0.308,1010000,302,440
"116",1923,"Max Carey","Pirates",153,610,699,188,131,32,19,6,120,63,73,NA,28,7,NA,9,NA,51,8,0.308,1001944,276,562
"117",1977,"Al Oliver","Pirates",154,568,622,175,121,29,6,19,75,82,40,9,38,4,8,2,11,13,16,0.308,1009773,273,449
"118",1926,"Glenn Wright","Pirates",119,458,493,141,103,15,15,8,73,77,19,NA,26,0,NA,16,NA,6,NA,0.308,1014280,210,359
"119",1925,"Glenn Wright","Pirates",153,614,660,189,129,32,10,18,97,121,31,NA,32,0,NA,15,NA,3,7,0.308,1014280,295,515
"120",1937,"Al Todd","Pirates",133,514,534,158,122,18,10,8,51,86,16,NA,36,1,NA,3,16,2,NA,0.307,1013094,220,340
"121",1969,"Willie Stargell","Pirates",145,522,594,160,94,31,6,29,89,92,61,14,120,6,5,0,10,1,0,0.307,1012426,290,419
"122",1939,"Arky Vaughan","Pirates",152,595,693,182,135,30,11,6,94,62,70,NA,20,6,NA,22,5,12,NA,0.306,1013377,252,476
"123",2005,"Jason Bay","Pirates",162,599,707,183,101,44,6,32,110,101,95,9,142,6,7,0,12,21,1,0.306,1717,335,526
"124",1931,"George Grantham","Pirates",127,465,555,142,100,26,6,10,91,46,71,NA,50,2,NA,17,NA,5,NA,0.305,1004947,210,375
"125",1927,"George Grantham","Pirates",151,531,634,162,110,33,11,8,96,66,74,NA,39,6,NA,23,NA,9,NA,0.305,1004947,241,453
"126",1933,"Pie Traynor","Pirates",154,624,676,190,156,27,6,1,85,82,35,NA,24,1,NA,16,14,5,NA,0.304,1013165,232,416
"127",2007,"Freddy Sanchez","Pirates",147,602,653,183,126,42,4,11,77,81,32,2,76,8,9,2,13,0,1,0.304,1624,266,388
"128",1977,"Bill Robinson","Pirates",137,507,544,154,95,32,1,26,74,104,25,3,92,3,5,4,8,12,6,0.304,1011054,266,392
"129",1962,"Bob Skinner","Pirates",144,510,597,154,98,29,7,20,87,75,76,5,89,4,3,4,9,10,4,0.302,1012037,257,420
"130",1967,"Maury Wills","Pirates",149,616,664,186,162,12,9,3,92,45,31,1,44,1,4,12,6,29,10,0.302,1014053,225,379
"131",1929,"Dick Bartell","Pirates",143,610,674,184,129,40,13,2,101,57,40,NA,29,2,NA,22,NA,11,NA,0.302,1000621,256,438
"132",1991,"Bobby Bonilla","Pirates",157,577,680,174,106,44,6,18,102,100,90,8,67,2,11,0,14,2,4,0.302,1001168,284,513
"133",1974,"Willie Stargell","Pirates",140,508,605,153,87,37,4,25,90,96,87,21,106,6,4,0,8,0,2,0.301,1012426,273,446
"134",1938,"Johnny Rizzo","Pirates",143,555,617,167,104,31,9,23,97,111,54,NA,61,5,NA,3,16,1,NA,0.301,1011009,285,492
"135",1961,"Dick Stuart","Pirates",138,532,576,160,89,28,8,35,83,117,34,1,121,4,5,1,22,0,3,0.301,1012639,309,426
"136",1983,"Tony Pena","Pirates",151,542,580,163,123,22,3,15,51,70,31,8,73,0,1,6,13,6,7,0.301,1010153,236,321
"137",1965,"Donn Clendenon","Pirates",162,612,676,184,124,32,14,14,89,96,48,7,128,5,10,1,10,9,9,0.301,1002345,286,405
"138",1969,"Richie Hebner","Pirates",129,459,532,138,103,23,4,8,72,47,53,10,53,8,3,9,7,4,1,0.301,1005571,193,324
"139",1990,"Barry Bonds","Pirates",151,519,621,156,88,32,3,33,104,114,93,15,83,3,6,0,8,52,13,0.301,1109,293,576
"140",1986,"Johnny Ray","Pirates",155,579,654,174,134,33,0,7,67,78,58,10,47,3,7,1,21,6,9,0.301,1010727,228,393
"141",1987,"Bobby Bonilla","Pirates",141,466,515,140,89,33,3,15,58,77,39,4,64,2,8,0,8,3,5,0.3,1001168,224,339
"142",2001,"Aramis Ramirez","Pirates",158,603,655,181,107,40,0,34,83,112,40,4,100,8,4,0,9,5,4,0.3,1002,323,471
"143",1996,"Al Martin","Pirates",155,630,694,189,130,40,1,18,101,72,54,2,116,2,7,1,9,38,12,0.3,1167,285,436
"144",1995,"Orlando Merced","Pirates",132,487,545,146,98,29,4,15,75,83,52,9,74,1,5,0,9,7,2,0.3,1393,228,372
"145",1972,"Richie Hebner","Pirates",124,427,492,128,81,24,4,19,63,72,52,7,54,6,7,0,8,0,0,0.3,1005571,217,356
"146",1940,"Arky Vaughan","Pirates",156,594,689,178,116,40,15,7,113,95,88,NA,25,3,NA,4,5,12,NA,0.3,1013377,269,555
"147",1958,"Dick Groat","Pirates",151,584,622,175,127,36,9,3,67,66,23,7,32,4,5,6,21,2,2,0.3,1005075,238,368
"148",2018,"Corey Dickerson","Pirates",135,504,533,151,96,35,7,13,65,55,21,4,80,4,4,0,14,8,3,0.3,10762,239,312
"149",1966,"Donn Clendenon","Pirates",155,571,629,171,111,22,10,28,80,98,52,7,142,2,3,1,14,8,7,0.299,1002345,297,395
"150",1973,"Willie Stargell","Pirates",148,522,609,156,66,43,3,44,106,119,80,22,129,3,4,0,6,0,0,0.299,1012426,337,516
"151",1966,"Gene Alley","Pirates",147,579,634,173,128,28,10,7,88,43,27,0,83,5,3,20,8,8,8,0.299,1000160,242,330
"152",1921,"Cotton Tierney","Pirates",117,442,486,132,99,22,8,3,49,52,24,NA,31,2,NA,18,NA,4,6,0.299,1013061,179,279
"153",1923,"Carson Bigbee","Pirates",123,499,555,149,124,18,7,0,79,54,43,NA,15,1,NA,12,NA,10,9,0.299,1000956,181,353
"154",1961,"Don Hoak","Pirates",145,503,586,150,104,27,7,12,72,61,73,8,53,3,4,3,14,4,2,0.298,1005866,227,387
"155",1954,"Frank Thomas","Pirates",153,577,653,172,110,32,7,23,81,94,51,NA,74,10,11,4,10,3,2,0.298,1012976,287,452
"156",1972,"Manny Sanguillen","Pirates",136,520,547,155,122,18,8,7,55,71,21,11,38,0,6,0,10,1,2,0.298,1011434,210,320
"157",1925,"Eddie Moore","Pirates",142,547,641,163,120,29,8,6,106,77,73,NA,26,2,NA,19,NA,19,7,0.298,1009104,226,477
"158",1999,"Kevin Young","Pirates",156,584,675,174,101,41,6,26,103,106,75,5,124,12,4,0,13,22,10,0.298,1018,305,499
"159",2002,"Brian Giles","Pirates",153,497,644,148,68,37,5,38,95,103,135,24,74,7,5,0,10,15,6,0.298,990,309,590
"160",1931,"Pie Traynor","Pirates",155,615,677,183,129,37,15,2,81,103,54,NA,28,0,NA,8,NA,6,NA,0.298,1013165,256,472
"161",1944,"Bob Elliott","Pirates",143,538,617,160,106,28,16,10,85,108,75,NA,42,0,NA,4,8,9,NA,0.297,1003733,250,485
"162",1924,"Max Carey","Pirates",149,599,683,178,131,30,9,8,113,55,58,NA,17,7,NA,19,NA,49,13,0.297,1001944,250,515
"163",1947,"Frankie Gustine","Pirates",156,616,691,183,138,30,6,9,102,67,63,NA,65,2,NA,10,15,5,NA,0.297,1005152,252,426
"164",1970,"Matty Alou","Pirates",155,677,718,201,171,21,8,1,97,47,30,3,18,4,3,4,9,19,11,0.297,1000179,241,420
"165",1942,"Bob Elliott","Pirates",143,560,621,166,124,26,7,9,75,89,52,NA,35,2,NA,7,12,2,NA,0.296,1003733,233,418
"166",1982,"Tony Pena","Pirates",138,497,523,147,104,28,4,11,53,63,17,3,57,4,2,3,18,2,5,0.296,1010153,216,298
"167",2007,"Jack Wilson","Pirates",135,477,535,141,98,29,2,12,67,56,38,9,46,6,7,7,8,2,5,0.296,1017,210,333
"168",1971,"Willie Stargell","Pirates",141,511,606,151,77,26,0,48,104,125,83,20,154,7,5,0,8,0,0,0.295,1012426,321,486
"169",1980,"Dave Parker","Pirates",139,518,550,153,104,31,1,17,71,79,25,5,69,2,5,0,8,10,7,0.295,1010000,237,355
"170",1975,"Willie Stargell","Pirates",124,461,526,136,80,32,2,22,71,90,58,6,109,3,4,0,9,0,0,0.295,1012426,238,351
"171",2015,"Francisco Cervelli","Pirates",130,451,510,133,104,17,5,7,56,43,46,1,94,8,1,4,12,1,1,0.295,5275,181,241
"172",1922,"Rabbit Maranville","Pirates",155,672,747,198,157,26,15,0,115,63,61,NA,43,2,NA,12,NA,24,13,0.295,1008099,254,476
"173",1993,"Jeff King","Pirates",158,611,683,180,133,35,3,9,82,98,59,4,54,4,8,1,17,8,6,0.295,1006931,248,445
"174",1938,"Gus Suhr","Pirates",145,530,625,156,104,35,14,3,82,64,87,NA,37,0,NA,8,10,4,NA,0.294,1012674,228,428
"175",1959,"Don Hoak","Pirates",155,564,651,166,126,29,3,8,60,65,71,4,75,4,6,6,18,9,2,0.294,1005866,225,359
"176",1997,"Jason Kendall","Pirates",144,486,572,143,95,36,4,8,71,49,49,2,53,31,5,1,11,18,6,0.294,993,211,376
"177",1953,"Danny O'Connell","Pirates",149,588,654,173,132,26,8,7,88,55,57,NA,42,4,NA,5,13,3,4,0.294,1009711,236,401
"178",1921,"Rabbit Maranville","Pirates",153,612,685,180,142,25,12,1,90,70,47,NA,38,3,NA,23,NA,25,12,0.294,1008099,232,429
"179",1924,"Pie Traynor","Pirates",142,545,596,160,116,26,13,5,86,82,37,NA,26,1,NA,13,NA,24,18,0.294,1013165,227,431
"180",1962,"Dick Groat","Pirates",161,678,723,199,160,34,3,2,76,61,31,1,61,3,6,5,14,2,1,0.294,1005075,245,357
"181",1979,"Phil Garner","Pirates",150,549,612,161,110,32,8,11,76,59,55,15,74,3,3,2,6,17,8,0.293,1004541,242,378
"182",1972,"Willie Stargell","Pirates",138,495,569,145,82,28,2,33,75,112,65,15,129,2,7,0,7,1,1,0.293,1012426,276,402
"183",1929,"Earl Sheely","Pirates",139,485,585,142,110,22,4,6,63,88,75,NA,24,4,NA,21,NA,6,NA,0.293,1011850,190,402
"184",1987,"Andy Van Slyke","Pirates",157,564,632,165,97,36,11,21,93,82,56,4,122,4,3,3,6,34,8,0.293,1013363,286,433
"185",1940,"Bob Elliott","Pirates",148,551,611,161,111,34,11,5,88,64,45,NA,28,2,NA,13,11,13,NA,0.292,1003733,232,416
"186",1991,"Barry Bonds","Pirates",153,510,634,149,91,28,5,25,95,116,107,25,73,4,13,0,8,43,13,0.292,1109,262,554
"187",1973,"Al Oliver","Pirates",158,654,690,191,126,38,7,20,90,99,22,1,52,5,9,0,18,6,0,0.292,1009773,303,473
"188",1922,"Charlie Grimm","Pirates",154,593,649,173,132,28,13,0,64,76,43,NA,15,3,NA,10,NA,6,10,0.292,1005068,227,404
"189",2015,"Andrew McCutchen","Pirates",157,566,685,165,103,36,3,23,91,96,98,12,133,12,9,0,9,11,5,0.292,9847,276,451
"190",1974,"Rennie Stennett","Pirates",157,673,721,196,157,29,3,7,84,56,32,8,51,2,7,7,16,8,9,0.291,1012484,252,383
"191",1955,"Dale Long","Pirates",131,419,478,122,74,19,13,16,59,79,48,6,72,1,4,6,14,0,1,0.291,1007730,215,330
"192",1974,"Richie Hebner","Pirates",146,550,632,160,115,21,6,18,97,68,60,5,53,6,7,5,13,0,3,0.291,1005571,247,425
"193",2014,"Starling Marte","Pirates",135,495,545,144,96,29,6,13,73,56,33,0,131,17,0,0,5,30,11,0.291,9241,224,302
"194",1968,"Roberto Clemente","Pirates",132,502,557,146,98,18,12,18,74,57,51,27,77,1,3,0,13,2,3,0.291,1002340,242,350
"195",1945,"Bob Elliott","Pirates",144,541,608,157,107,36,6,8,80,108,64,NA,38,1,NA,2,16,5,NA,0.29,1003733,229,449
"196",1948,"Stan Rojek","Pirates",156,641,713,186,150,27,5,4,85,51,61,NA,41,3,NA,8,8,24,NA,0.29,1011155,235,418
"197",1948,"Danny Murtaugh","Pirates",146,514,579,149,122,21,5,1,56,71,60,NA,40,1,NA,4,8,10,NA,0.29,1009402,183,341
"198",1975,"Richie Zisk","Pirates",147,504,578,146,96,27,3,20,69,75,68,9,109,2,4,0,12,0,1,0.29,1014455,239,344
"199",1957,"Frank Thomas","Pirates",151,594,658,172,118,30,1,23,72,89,44,9,66,3,12,5,16,3,1,0.29,1012976,273,418
"200",1976,"Richie Zisk","Pirates",155,581,641,168,110,35,2,21,91,89,52,3,96,0,8,0,20,1,0,0.289,1014455,270,407
"201",1958,"Roberto Clemente","Pirates",140,519,556,150,110,24,10,6,69,50,31,1,41,0,3,3,15,8,2,0.289,1002340,212,329
"202",1944,"Babe Dahlgren","Pirates",158,599,659,173,126,28,7,12,67,101,47,NA,56,6,NA,7,20,2,NA,0.289,1002925,251,418
"203",1936,"Bill Brubaker","Pirates",145,554,620,160,123,27,4,6,77,102,50,NA,96,4,NA,12,17,5,NA,0.289,1001571,213,355
"204",1971,"Dave Cash","Pirates",123,478,532,138,115,17,4,2,79,34,46,0,33,0,3,5,10,13,5,0.289,1002041,169,308
"205",1920,"Max Carey","Pirates",130,485,567,140,117,18,4,1,74,35,59,NA,31,3,NA,20,NA,52,10,0.289,1001944,169,361
"206",1942,"Elbie Fletcher","Pirates",145,506,623,146,112,22,5,7,86,57,105,NA,60,6,NA,6,4,0,NA,0.289,1004150,199,393
"207",1986,"Tony Pena","Pirates",144,510,565,147,109,26,2,10,56,52,53,6,69,1,1,0,21,9,10,0.288,1010153,207,309
"208",1941,"Elbie Fletcher","Pirates",151,521,642,150,97,29,13,11,95,74,118,NA,54,2,NA,1,5,5,NA,0.288,1004150,238,478
"209",1988,"Andy Van Slyke","Pirates",154,587,660,169,106,23,15,25,101,100,57,2,126,1,13,1,8,30,9,0.288,1013363,297,460
"210",1924,"Charlie Grimm","Pirates",151,542,599,156,117,25,12,2,53,63,37,NA,22,2,NA,18,NA,3,6,0.288,1005068,211,347
"211",1999,"Warren Morris","Pirates",147,511,581,147,109,20,3,15,65,73,59,3,88,2,5,4,12,3,7,0.288,1424,218,332
"212",1941,"Lee Handley","Pirates",124,459,509,132,110,18,4,0,59,33,35,NA,22,0,NA,15,13,16,NA,0.288,1005300,158,279
"213",1924,"Glenn Wright","Pirates",153,616,662,177,124,28,18,7,80,111,27,NA,52,1,NA,18,NA,14,6,0.287,1014280,262,443
"214",1967,"Gene Alley","Pirates",152,550,604,158,120,25,7,6,59,55,36,5,70,7,4,7,16,10,5,0.287,1000160,215,312
"215",1996,"Orlando Merced","Pirates",120,453,507,130,88,24,1,17,69,80,51,5,74,0,3,0,9,8,4,0.287,1393,207,341
"216",1974,"Manny Sanguillen","Pirates",151,596,632,171,139,21,4,7,77,68,21,9,27,5,7,3,18,2,2,0.287,1011434,221,367
"217",2015,"Starling Marte","Pirates",153,579,633,166,115,30,2,19,84,81,27,3,123,19,5,3,14,30,10,0.287,9241,257,375
"218",1981,"Mike Easler","Pirates",95,339,369,97,67,18,5,7,43,42,24,8,45,0,6,0,10,4,7,0.286,1003635,146,214
"219",1930,"Gus Suhr","Pirates",151,542,637,155,98,26,14,17,93,107,80,NA,56,2,NA,13,NA,11,NA,0.286,1012674,260,497
"220",2006,"Jason Bay","Pirates",159,570,689,163,96,29,3,35,101,109,102,9,156,8,9,0,15,11,2,0.286,1717,303,478
"221",2010,"Andrew McCutchen","Pirates",154,570,653,163,107,35,5,16,94,56,70,1,89,5,7,1,6,33,10,0.286,9847,256,425
"222",1953,"Cal Abrams","Pirates",119,448,512,128,97,10,6,15,66,43,58,NA,70,0,NA,6,2,4,4,0.286,1000025,195,296
"223",1975,"Rennie Stennett","Pirates",148,616,664,176,137,25,7,7,89,62,33,1,42,4,5,6,15,5,4,0.286,1012484,236,387
"224",1984,"Tony Pena","Pirates",147,546,592,156,112,27,2,15,77,78,36,5,79,4,2,4,14,12,8,0.286,1010153,232,360
"225",1950,"Wally Westlake","Pirates",139,477,534,136,91,15,6,24,69,95,48,NA,78,7,NA,2,15,1,NA,0.285,1013807,235,377
"226",1945,"Jim Russell","Pirates",146,510,589,145,101,24,8,12,88,77,71,NA,40,5,NA,3,7,15,NA,0.284,1011315,221,437
"227",1923,"Johnny Rawlings","Pirates",119,461,499,131,108,18,4,1,53,45,25,NA,29,1,NA,12,NA,9,0,0.284,1010720,160,264
"228",1990,"Andy Van Slyke","Pirates",136,493,569,140,91,26,6,17,67,77,66,2,89,1,4,3,6,14,4,0.284,1013363,229,365
"229",1920,"Billy Southworth","Pirates",146,546,617,155,123,17,13,2,64,53,52,NA,20,2,NA,17,NA,23,25,0.284,1012291,204,378
"230",1982,"Jason Thompson","Pirates",156,550,662,156,93,32,0,31,87,101,101,7,107,2,9,0,11,1,0,0.284,1013014,281,466
"231",2016,"Josh Harrison","Pirates",131,487,522,138,102,25,7,4,57,59,18,0,76,5,8,4,10,19,4,0.283,8202,189,271
"232",1957,"Bill Mazeroski","Pirates",148,526,568,149,107,27,7,8,59,54,27,2,49,1,3,11,6,3,3,0.283,1008316,214,309
"233",1934,"Lloyd Waner","Pirates",140,611,650,173,139,27,6,1,95,48,38,NA,12,1,NA,0,5,6,NA,0.283,1013596,215,391
"234",1943,"Elbie Fletcher","Pirates",154,544,647,154,116,24,5,9,91,70,95,NA,49,6,NA,2,12,1,NA,0.283,1004150,215,429
"235",1936,"Woody Jensen","Pirates",153,696,731,197,143,34,10,10,98,58,16,NA,19,6,NA,13,14,2,NA,0.283,1006400,281,442
"236",1983,"Johnny Ray","Pirates",151,576,623,163,113,38,7,5,68,53,35,3,26,0,2,10,11,18,9,0.283,1010727,230,378
"237",1934,"Gus Suhr","Pirates",151,573,650,162,100,36,13,13,67,103,66,NA,52,3,NA,8,13,4,NA,0.283,1012674,263,454
"238",2002,"Jason Kendall","Pirates",145,545,605,154,123,25,3,3,59,44,49,1,29,9,2,0,11,15,8,0.283,993,194,341
"239",1988,"Barry Bonds","Pirates",144,538,614,152,93,30,5,24,97,58,72,14,82,2,2,0,3,17,11,0.283,1109,264,428
"240",1995,"Al Martin","Pirates",124,439,486,124,83,25,3,13,70,41,44,6,92,2,0,1,5,20,11,0.282,1167,194,279
"241",1998,"Tony Womack","Pirates",159,655,704,185,149,26,7,3,85,45,38,1,94,0,5,6,4,58,8,0.282,78,234,366
"242",1956,"Frank Thomas","Pirates",157,588,637,166,114,24,3,25,69,80,36,5,61,5,6,2,22,0,5,0.282,1012976,271,400
"243",1941,"Maurice Van Robays","Pirates",129,457,504,129,97,23,5,4,62,78,41,NA,29,1,NA,5,18,0,NA,0.282,1013361,174,327
"244",1932,"Tony Piet","Pirates",154,574,635,162,122,25,8,7,66,85,46,NA,56,7,NA,8,NA,19,NA,0.282,1010342,224,391
"245",1960,"Don Hoak","Pirates",155,553,636,156,107,24,9,16,97,79,74,9,74,1,4,4,17,3,2,0.282,1005866,246,426
"246",1979,"Omar Moreno","Pirates",162,695,757,196,155,21,12,8,110,69,51,9,104,3,2,6,7,77,21,0.282,1009167,265,471
"247",1922,"Pie Traynor","Pirates",142,571,615,161,128,17,12,4,89,81,27,NA,28,4,NA,13,NA,17,3,0.282,1013165,214,404
"248",1949,"Wally Westlake","Pirates",147,525,577,148,93,24,8,23,77,104,45,NA,69,6,NA,1,15,6,NA,0.282,1013807,257,426
"249",1973,"Manny Sanguillen","Pirates",149,589,619,166,121,26,7,12,64,65,17,8,29,3,8,2,17,2,5,0.282,1011434,242,364
"250",1971,"Al Oliver","Pirates",143,529,573,149,97,31,7,14,69,64,27,2,72,5,10,2,14,4,3,0.282,1009773,236,333
"251",1982,"Johnny Ray","Pirates",162,647,703,182,138,30,7,7,79,63,36,1,34,1,5,13,8,16,7,0.281,1010727,247,408
"252",1993,"Al Martin","Pirates",143,480,528,135,83,26,8,18,85,64,42,5,122,1,3,2,5,16,9,0.281,1167,231,317
"253",1958,"Frank Thomas","Pirates",149,562,620,158,93,26,4,35,89,109,42,2,79,7,8,1,19,0,1,0.281,1012976,297,465
"254",1964,"Bob Bailey","Pirates",143,530,582,149,109,26,3,11,73,51,44,1,78,1,2,5,16,10,8,0.281,1000420,214,315
"255",1989,"Bobby Bonilla","Pirates",163,616,698,173,102,37,10,24,96,86,76,20,93,1,5,0,10,8,8,0.281,1001168,302,476
"256",1927,"Glenn Wright","Pirates",143,570,626,160,121,26,4,9,78,105,39,NA,46,1,NA,16,NA,4,NA,0.281,1014280,221,402
"257",1940,"Frankie Gustine","Pirates",133,524,565,147,107,32,7,1,59,55,35,NA,39,2,NA,4,13,7,NA,0.281,1005152,196,315
"258",2013,"Starling Marte","Pirates",135,510,566,143,95,26,10,12,83,35,25,2,138,24,1,6,6,41,15,0.28,9241,225,295
"259",1945,"Frankie Gustine","Pirates",128,478,523,134,100,27,5,2,67,66,37,NA,33,2,NA,6,14,8,NA,0.28,1005152,177,324
"260",1975,"Al Oliver","Pirates",155,628,666,176,111,39,8,18,90,84,25,3,73,5,8,0,19,4,2,0.28,1009773,285,420
"261",2004,"Tike Redman","Pirates",155,546,581,153,122,19,4,8,65,51,23,2,52,3,5,4,6,18,6,0.28,1003,204,312
"262",1920,"Carson Bigbee","Pirates",137,550,607,154,116,19,15,4,78,32,45,NA,28,6,NA,6,NA,31,15,0.28,1000956,215,379
"263",1938,"Paul Waner","Pirates",148,625,680,175,132,31,6,6,77,69,47,NA,28,1,NA,7,16,2,NA,0.28,1013597,236,404
"264",1990,"Bobby Bonilla","Pirates",160,625,686,175,97,39,7,32,112,120,45,9,103,1,15,0,11,4,3,0.28,1001168,324,503
"265",1959,"Bob Skinner","Pirates",143,547,617,153,118,18,4,13,78,61,67,8,65,0,2,1,6,10,7,0.28,1012037,218,369
"266",2012,"Neil Walker","Pirates",129,472,530,132,91,27,0,14,62,69,47,1,104,2,8,1,11,7,5,0.28,7539,201,284
"267",1983,"Dave Parker","Pirates",144,552,586,154,109,29,4,12,68,69,28,6,89,0,6,0,11,12,9,0.279,1010000,227,315
"268",1937,"Woody Jensen","Pirates",124,509,536,142,105,23,9,5,77,45,15,NA,29,1,NA,11,13,2,NA,0.279,1006400,198,309
"269",2017,"Andrew McCutchen","Pirates",156,570,650,159,99,30,2,28,94,88,73,5,116,4,3,0,10,11,5,0.279,9847,277,431
"270",1965,"Bill Virdon","Pirates",135,481,519,134,103,22,5,4,58,24,30,0,49,1,0,7,6,4,3,0.279,1013437,178,246
"271",1951,"Gus Bell","Pirates",149,600,647,167,112,27,12,16,80,89,42,NA,41,4,NA,1,9,1,4,0.278,1000809,266,441
"272",1978,"Frank Taveras","Pirates",157,654,702,182,142,31,9,0,81,38,29,3,60,5,2,12,4,46,25,0.278,1012852,231,370
"273",1937,"Gus Suhr","Pirates",151,575,667,160,113,28,14,5,69,97,83,NA,42,0,NA,9,9,2,NA,0.278,1012674,231,440
"274",1997,"Tony Womack","Pirates",155,641,689,178,137,26,9,6,85,50,43,2,109,3,0,2,6,60,7,0.278,78,240,372
"275",1938,"Pep Young","Pirates",149,562,610,156,111,36,5,4,58,79,40,NA,64,3,NA,5,15,7,NA,0.278,1014387,214,337
"276",1968,"Maury Wills","Pirates",153,627,685,174,156,12,6,0,76,31,45,1,57,1,1,11,10,52,21,0.278,1014053,198,346
"277",1980,"Bill Madlock","Pirates",137,494,546,137,101,22,4,10,62,53,45,12,33,4,3,0,15,16,10,0.277,1007957,197,344
"278",2018,"Starling Marte","Pirates",145,559,606,155,98,32,5,20,81,72,35,2,109,8,3,1,11,33,14,0.277,9241,257,377
"279",1999,"Al Martin","Pirates",143,541,593,150,82,36,8,24,97,63,49,5,119,1,2,0,8,20,3,0.277,1167,274,385
"280",1946,"Jim Russell","Pirates",146,516,591,143,100,29,6,8,68,50,67,NA,54,2,NA,6,11,11,NA,0.277,1011315,208,352
"281",1923,"Rabbit Maranville","Pirates",141,581,633,161,132,19,9,1,78,41,42,NA,34,1,NA,9,NA,14,11,0.277,1008099,201,343
"282",1994,"Carlos Garcia","Pirates",98,412,434,114,91,15,2,6,49,28,16,2,67,4,1,1,6,18,9,0.277,1004496,151,199
"283",1981,"Omar Moreno","Pirates",103,434,468,120,93,18,8,1,62,35,26,4,76,3,4,1,1,39,14,0.276,1009167,157,246
"284",1928,"Sparky Adams","Pirates",135,539,628,149,129,14,6,0,91,38,64,NA,18,4,NA,21,NA,8,NA,0.276,1000063,175,362
"285",2008,"Nate McLouth","Pirates",152,597,685,165,89,46,4,26,113,94,65,11,93,12,6,5,5,23,3,0.276,3190,297,511
"286",1933,"Lloyd Waner","Pirates",121,500,526,138,119,14,5,0,59,26,22,NA,8,0,NA,4,4,3,NA,0.276,1013596,162,264
"287",1994,"Jay Bell","Pirates",110,424,487,117,69,35,4,9,68,45,49,1,82,3,3,8,15,2,0,0.276,48,187,272
"288",1982,"Mike Easler","Pirates",142,475,526,131,87,27,2,15,52,58,40,12,85,6,4,1,11,1,1,0.276,1003635,207,279
"289",1963,"Donn Clendenon","Pirates",154,563,614,155,105,28,7,15,65,57,39,3,136,5,4,3,14,22,13,0.275,1002345,242,294
"290",1987,"Sid Bream","Pirates",149,516,572,142,101,25,3,13,64,65,49,11,69,0,4,3,19,9,8,0.275,1001373,212,330
"291",1961,"Dick Groat","Pirates",148,596,648,164,127,25,6,6,71,55,40,0,44,1,4,7,22,0,4,0.275,1005075,219,342
"292",1958,"Bill Mazeroski","Pirates",152,567,607,156,107,24,6,19,69,68,25,3,71,3,3,9,15,1,1,0.275,1008316,249,344
"293",1959,"Dick Groat","Pirates",147,593,640,163,129,22,7,5,74,51,32,2,35,2,4,9,21,0,2,0.275,1005075,214,338
"294",1985,"Johnny Ray","Pirates",154,594,652,163,120,33,3,7,67,70,46,10,24,1,6,5,11,13,9,0.274,1010727,223,396
"295",1956,"Lee Walls","Pirates",143,474,537,130,88,20,11,11,72,54,50,0,83,2,2,9,11,3,5,0.274,1013563,205,303
"296",1947,"Billy Cox","Pirates",132,529,561,145,93,30,7,15,75,54,29,NA,28,1,NA,2,5,5,NA,0.274,1002692,234,370
"297",1921,"Charlie Grimm","Pirates",151,562,611,154,109,21,17,7,62,71,31,NA,38,2,NA,16,NA,6,8,0.274,1005068,230,364
"298",1988,"Bobby Bonilla","Pirates",159,584,681,160,97,32,7,24,87,100,85,19,82,4,8,0,4,3,5,0.274,1001168,278,475
"299",1986,"Jim Morrison","Pirates",154,537,593,147,85,35,4,23,58,88,47,5,88,4,5,0,6,9,8,0.274,1009212,259,377
"300",2012,"Garrett Jones","Pirates",145,475,515,130,72,28,3,27,68,86,33,2,103,0,7,0,3,2,0,0.274,2714,245,331
"301",2011,"Neil Walker","Pirates",159,596,662,163,111,36,4,12,76,83,54,5,112,4,8,0,15,9,6,0.273,7539,243,357
"302",1941,"Bob Elliott","Pirates",141,527,599,144,107,24,10,3,74,76,64,NA,52,1,NA,7,12,6,NA,0.273,1003733,197,366
"303",1960,"Bill Mazeroski","Pirates",151,538,591,147,110,21,5,11,58,64,40,15,50,1,8,4,9,4,0,0.273,1008316,211,328
"304",1960,"Bob Skinner","Pirates",145,571,640,156,102,33,6,15,83,86,59,11,86,1,4,5,13,11,8,0.273,1012037,246,400
"305",1956,"Dick Groat","Pirates",142,520,575,142,120,19,3,0,40,37,35,3,25,0,3,17,14,0,3,0.273,1005075,167,254
"306",1940,"Maurice Van Robays","Pirates",145,572,609,156,111,27,7,11,82,116,33,NA,58,3,NA,1,16,2,NA,0.273,1013361,230,408
"307",2006,"Jack Wilson","Pirates",142,543,594,148,112,27,1,8,70,35,33,0,65,4,5,9,15,4,3,0.273,1017,201,282
"308",1940,"Elbie Fletcher","Pirates",147,510,641,139,94,22,7,16,94,104,119,NA,54,9,NA,3,12,5,NA,0.273,1004150,223,500
"309",1950,"Ralph Kiner","Pirates",150,547,672,149,75,21,6,47,112,118,122,NA,79,3,NA,0,22,2,NA,0.272,1006923,323,601
"310",1935,"Gus Suhr","Pirates",153,529,604,144,89,33,12,10,68,81,70,NA,54,0,NA,5,6,6,NA,0.272,1012674,231,402
"311",2005,"Rob Mackowiak","Pirates",142,463,512,126,93,21,3,9,57,58,43,4,100,3,1,2,7,8,4,0.272,995,180,249
"312",1965,"Willie Stargell","Pirates",144,533,582,145,85,25,8,27,68,107,39,13,127,7,3,0,8,1,1,0.272,1012426,267,362
"313",1994,"Orlando Merced","Pirates",108,386,432,105,72,21,3,9,48,51,42,5,58,1,2,0,17,4,1,0.272,1393,159,247
"314",2007,"Adam LaRoche","Pirates",152,563,632,153,90,42,0,21,71,88,62,5,131,3,4,0,18,1,1,0.272,1904,258,352
"315",2017,"Josh Harrison","Pirates",128,486,542,132,88,26,2,16,66,47,28,2,90,23,3,2,5,12,4,0.272,8202,210,296
"316",2014,"Neil Walker","Pirates",137,512,571,139,88,25,3,23,74,76,45,2,88,11,2,1,12,2,2,0.271,7539,239,359
"317",1934,"Tommy Thevenow","Pirates",122,446,472,121,103,16,2,0,37,54,20,NA,20,2,NA,4,15,0,NA,0.271,1012952,141,234
"318",1965,"Bill Mazeroski","Pirates",130,494,527,134,110,17,1,6,52,54,18,5,34,2,9,4,16,2,1,0.271,1008316,171,265
"319",1973,"Richie Hebner","Pirates",144,509,576,138,84,28,1,25,73,74,56,12,60,4,4,3,8,0,1,0.271,1005571,243,390
"320",1962,"Bill Mazeroski","Pirates",159,572,617,155,108,24,9,14,55,81,37,16,47,2,4,2,15,0,3,0.271,1008316,239,367
"321",1971,"Bob Robertson","Pirates",131,469,536,127,81,18,2,26,65,72,60,8,101,4,3,0,7,1,2,0.271,1011024,227,328
"322",1996,"Jeff King","Pirates",155,591,672,160,90,36,4,30,91,111,70,3,95,2,8,1,17,15,1,0.271,1006931,294,488
"323",2008,"Freddy Sanchez","Pirates",145,569,608,154,117,26,2,9,75,52,21,1,63,4,6,8,13,0,1,0.271,1624,211,300
"324",1967,"Willie Stargell","Pirates",134,462,536,125,81,18,6,20,54,73,67,25,103,3,2,2,12,1,0,0.271,1012426,215,310
"325",1970,"Al Oliver","Pirates",151,551,609,149,99,33,5,12,63,83,35,8,35,14,7,2,10,1,1,0.27,1009773,228,389
"326",2008,"Adam LaRoche","Pirates",136,492,554,133,73,32,3,25,66,85,54,7,122,2,6,0,9,1,1,0.27,1904,246,332
"327",1998,"Kevin Young","Pirates",159,592,657,160,91,40,2,27,88,108,44,1,127,11,9,0,20,15,7,0.27,1018,285,424
"328",1941,"Frankie Gustine","Pirates",121,463,497,125,93,24,7,1,46,46,28,NA,38,1,NA,5,9,5,NA,0.27,1005152,166,254
"329",1991,"Jay Bell","Pirates",157,608,697,164,108,32,8,16,96,67,52,1,99,4,3,30,15,10,6,0.27,48,260,390
"330",1954,"Dick Cole","Pirates",138,486,541,131,103,22,5,1,40,40,41,NA,48,0,6,8,20,0,0,0.27,1002414,166,239
"331",1944,"Johnny Barrett","Pirates",149,568,661,153,103,24,19,7,99,83,86,NA,56,1,NA,6,6,28,NA,0.269,1000597,236,477
"332",1993,"Carlos Garcia","Pirates",141,546,597,147,105,25,5,12,77,47,31,2,67,9,5,6,9,18,11,0.269,1004496,218,333
"333",1963,"Bill Virdon","Pirates",142,554,607,149,113,22,6,8,58,53,43,4,55,0,1,9,6,1,2,0.269,1013437,207,307
"334",2015,"Neil Walker","Pirates",151,543,603,146,95,32,3,16,69,71,44,5,110,8,8,0,9,4,1,0.269,7539,232,318
"335",1938,"Lee Handley","Pirates",139,570,629,153,114,25,8,6,91,51,53,NA,31,1,NA,5,13,7,NA,0.268,1005300,212,384
"336",1986,"Sid Bream","Pirates",154,522,591,140,82,37,5,16,73,77,60,5,73,1,7,1,14,13,7,0.268,1001373,235,386
"337",1964,"Bill Mazeroski","Pirates",162,601,644,161,121,22,8,10,66,64,29,11,52,0,4,10,21,1,1,0.268,1008316,229,337
"338",1999,"Ed Sprague","Pirates",137,490,564,131,80,27,2,22,71,81,50,6,93,17,6,1,12,3,6,0.267,1012356,228,357
"339",1948,"Frankie Gustine","Pirates",131,449,499,120,90,19,2,9,68,42,42,NA,62,2,NA,6,12,5,NA,0.267,1005152,170,267
"340",1997,"Jose Guillen","Pirates",143,498,526,133,94,20,5,14,58,70,17,0,88,8,3,0,16,1,2,0.267,57,205,271
"341",1941,"Vince DiMaggio","Pirates",151,528,605,141,88,27,5,21,73,100,68,NA,100,3,NA,6,9,10,NA,0.267,1003312,241,395
"342",1998,"Jose Guillen","Pirates",153,573,605,153,99,38,2,14,60,84,21,0,100,6,4,1,7,3,5,0.267,57,237,311
"343",1955,"Dick Groat","Pirates",151,521,572,139,105,28,2,4,45,51,38,11,26,1,1,11,20,0,2,0.267,1005075,183,292
"344",1933,"Gus Suhr","Pirates",154,566,655,151,99,31,11,10,72,75,72,NA,52,0,NA,17,11,2,NA,0.267,1012674,234,403
"345",1958,"Bill Virdon","Pirates",144,604,662,161,117,24,11,9,75,46,52,5,70,1,3,2,5,5,3,0.267,1013437,234,343
"346",1984,"Marvell Wynne","Pirates",154,653,702,174,139,24,11,0,77,39,42,0,81,0,2,5,8,24,19,0.266,1014312,220,321
"347",1924,"Rabbit Maranville","Pirates",152,594,640,158,103,33,20,2,62,71,35,NA,53,0,NA,11,NA,18,14,0.266,1008099,237,370
"348",2001,"Jason Kendall","Pirates",157,606,672,161,127,22,2,10,84,53,44,4,48,20,2,0,18,13,14,0.266,993,217,383
"349",1961,"Bill Mazeroski","Pirates",152,558,595,148,112,21,2,13,71,59,26,10,55,3,6,2,9,2,1,0.265,1008316,212,318
"350",1935,"Pep Young","Pirates",128,494,523,131,89,25,10,7,60,82,21,NA,59,2,NA,6,11,2,NA,0.265,1014387,197,305
"351",1995,"Jeff King","Pirates",122,445,509,118,71,27,2,18,61,87,55,5,63,1,8,0,10,7,4,0.265,1006931,203,351
"352",1991,"Jose Lind","Pirates",150,502,545,133,108,16,6,3,53,54,30,10,56,2,6,5,20,7,4,0.265,1007623,170,260
"353",1948,"Ralph Kiner","Pirates",156,555,670,147,83,19,5,40,104,123,112,NA,61,3,NA,0,15,1,NA,0.265,1006923,296,578
"354",1938,"Al Todd","Pirates",133,491,521,130,97,19,7,7,52,75,18,NA,31,4,NA,8,25,2,NA,0.265,1013094,184,304
"355",1991,"Andy Van Slyke","Pirates",138,491,577,130,82,24,7,17,87,83,71,1,85,4,11,0,5,10,3,0.265,1013363,219,389
"356",1980,"Tim Foli","Pirates",127,495,540,131,106,22,0,3,61,38,19,1,23,6,7,13,5,11,7,0.265,1004202,162,274
"357",1992,"Jay Bell","Pirates",159,632,712,167,116,36,6,9,87,55,55,0,103,4,2,19,12,7,5,0.264,48,242,347
"358",1988,"Sid Bream","Pirates",148,462,522,122,75,37,0,10,50,65,47,6,64,1,8,4,11,9,9,0.264,1001373,189,297
"359",2004,"Craig Wilson","Pirates",155,561,644,148,79,35,5,29,97,82,50,3,169,30,3,0,11,2,2,0.264,1015,280,372
"360",1970,"Willie Stargell","Pirates",136,474,529,125,73,18,3,31,70,85,44,11,119,5,6,0,14,0,1,0.264,1012426,242,327
"361",1944,"Pete Coscarart","Pirates",139,554,608,146,108,30,4,4,89,42,41,NA,57,1,NA,12,12,10,NA,0.264,1002649,196,322
"362",1946,"Bob Elliott","Pirates",140,486,559,128,95,25,3,5,50,68,64,NA,44,2,NA,7,15,6,NA,0.263,1003733,174,320
"363",1932,"Gus Suhr","Pirates",154,581,654,153,101,31,16,5,78,81,63,NA,39,2,NA,8,NA,7,NA,0.263,1012674,231,423
"364",1956,"Dale Long","Pirates",148,517,582,136,82,20,7,27,64,91,54,11,85,0,11,0,10,1,0,0.263,1007730,251,376
"365",2017,"David Freese","Pirates",130,426,503,112,86,16,0,10,44,52,58,5,116,15,4,0,10,0,1,0.263,9549,158,211
"366",1982,"Dale Berra","Pirates",156,529,583,139,99,25,5,10,64,61,33,12,83,4,9,8,15,6,6,0.263,1000896,204,289
"367",1994,"Jeff King","Pirates",94,339,378,89,61,23,0,5,36,42,30,1,38,0,7,2,7,3,2,0.263,1006931,127,200
"368",1966,"Bill Mazeroski","Pirates",162,621,660,163,118,22,7,16,56,82,31,9,62,1,5,2,16,4,3,0.262,1008316,247,359
"369",1995,"Jay Bell","Pirates",138,530,593,139,94,28,4,13,79,55,55,1,110,4,1,3,13,2,5,0.262,48,214,299
"370",1988,"Jose Lind","Pirates",154,611,668,160,130,24,4,2,82,49,42,0,75,0,3,12,11,15,4,0.262,1007623,198,311
"371",2018,"Josh Bell","Pirates",148,501,583,131,84,31,4,12,74,62,77,2,104,0,5,0,12,2,5,0.261,13145,206,317
"372",1951,"Pete Castiglione","Pirates",132,482,533,126,96,19,4,7,62,42,34,NA,28,1,NA,16,9,2,2,0.261,1002067,174,287
"373",1978,"Phil Garner","Pirates",154,528,609,138,94,25,9,10,66,66,66,12,71,5,7,3,18,27,14,0.261,1004541,211,370
"374",1967,"Bill Mazeroski","Pirates",163,639,679,167,130,25,3,9,62,77,30,7,55,0,5,5,17,1,2,0.261,1008316,225,340
"375",1987,"Barry Bonds","Pirates",150,551,611,144,76,34,9,25,99,59,54,3,88,3,3,0,4,32,10,0.261,1109,271,430
"376",1920,"Possum Whitted","Pirates",134,494,555,129,105,11,12,1,53,74,35,NA,36,3,NA,23,NA,11,11,0.261,1013913,167,307
"377",1990,"Jose Lind","Pirates",152,514,561,134,100,28,5,1,46,48,35,19,52,1,7,4,20,8,0,0.261,1007623,175,261
"378",1961,"Bill Virdon","Pirates",146,599,660,156,117,22,8,9,81,58,49,1,45,0,7,5,4,5,8,0.26,1013437,221,369
"379",1960,"Dick Stuart","Pirates",122,438,483,114,69,17,5,23,48,83,39,5,107,0,5,1,15,0,0,0.26,1012639,210,273
"380",1977,"Phil Garner","Pirates",153,585,651,152,90,35,10,17,99,77,55,4,65,2,2,7,13,32,9,0.26,1004541,258,458
"381",2000,"Warren Morris","Pirates",144,528,606,137,101,31,2,3,68,43,65,3,78,2,3,8,7,7,10,0.259,1424,181,288
"382",1983,"Jason Thompson","Pirates",152,517,623,134,95,20,1,18,70,76,99,7,128,1,6,0,14,1,0,0.259,1013014,210,329
"383",1980,"Phil Garner","Pirates",151,548,610,142,104,27,6,5,62,58,46,12,53,2,7,7,12,32,7,0.259,1004541,196,343
"384",1943,"Jim Russell","Pirates",146,533,614,138,104,19,11,4,79,44,77,NA,67,1,NA,3,13,12,NA,0.259,1011315,191,337
"385",2011,"Andrew McCutchen","Pirates",158,572,678,148,86,34,5,23,87,89,89,3,126,9,6,2,7,23,10,0.259,9847,261,432
"386",1946,"Frankie Gustine","Pirates",131,495,548,128,91,23,6,8,60,52,40,NA,52,3,NA,10,13,2,NA,0.259,1005152,187,292
"387",1921,"Clyde Barnhart","Pirates",124,449,505,116,85,15,13,3,66,62,32,NA,36,3,NA,21,NA,3,3,0.258,1000577,166,296
"388",1976,"Frank Taveras","Pirates",144,519,573,134,120,8,6,0,76,24,44,1,79,4,0,6,11,58,11,0.258,1012852,154,281
"389",2000,"Kevin Young","Pirates",132,496,541,128,81,27,0,20,77,88,32,1,96,8,5,0,15,8,3,0.258,1018,215,332
"390",2016,"Gregory Polanco","Pirates",144,527,587,136,76,34,4,22,79,86,53,6,119,0,6,1,13,17,6,0.258,12907,244,360
"391",2009,"Andy LaRoche","Pirates",150,524,590,135,89,29,5,12,64,64,50,1,84,8,2,6,16,3,1,0.258,6444,210,315
"392",2005,"Jack Wilson","Pirates",158,587,639,151,112,24,7,8,60,52,31,6,58,6,4,11,11,7,3,0.257,1017,213,311
"393",1976,"Rennie Stennett","Pirates",157,654,682,168,126,31,9,2,59,60,19,3,32,1,4,4,15,18,6,0.257,1012484,223,348
"394",1968,"Donn Clendenon","Pirates",158,584,645,150,107,20,6,17,63,87,47,4,163,1,8,5,14,10,3,0.257,1002345,233,278
"395",1945,"Johnny Barrett","Pirates",142,507,594,130,82,29,4,15,97,67,79,NA,68,0,NA,8,5,25,NA,0.256,1000597,212,412
"396",2015,"Gregory Polanco","Pirates",153,593,652,152,102,35,6,9,83,52,55,6,121,1,2,1,5,27,10,0.256,12907,226,323
"397",2003,"Jack Wilson","Pirates",150,558,615,143,110,21,3,9,58,62,36,3,74,4,6,11,11,5,5,0.256,1017,197,288
"398",2016,"Jordy Mercer","Pirates",149,519,584,133,97,22,3,11,66,59,51,8,83,5,2,7,11,1,1,0.256,6547,194,293
"399",2016,"Andrew McCutchen","Pirates",153,598,675,153,100,26,3,24,81,79,69,7,143,5,3,0,15,6,7,0.256,9847,257,354
"400",1946,"Elbie Fletcher","Pirates",148,532,651,136,99,25,8,4,72,66,111,NA,37,0,NA,8,7,4,NA,0.256,1004150,189,405
"401",1965,"Bob Bailey","Pirates",159,626,702,160,118,28,3,11,87,49,70,1,93,0,2,4,16,10,14,0.256,1000420,227,350
"402",1955,"Roberto Clemente","Pirates",124,474,501,121,82,23,11,5,48,47,18,3,60,2,3,4,14,2,5,0.255,1002340,181,238
"403",2017,"Josh Bell","Pirates",159,549,620,140,82,26,6,26,75,90,66,4,117,1,4,0,15,2,4,0.255,13145,256,373
"404",2017,"Jordy Mercer","Pirates",145,502,558,128,85,24,5,14,52,58,51,13,88,3,2,0,16,0,4,0.255,6547,204,280
"405",1953,"Frank Thomas","Pirates",128,455,510,116,63,22,1,30,68,102,50,NA,93,2,NA,3,12,1,2,0.255,1012976,230,360
"406",2014,"Jordy Mercer","Pirates",149,506,555,129,88,27,2,12,56,55,35,12,89,4,5,5,14,4,1,0.255,6547,196,261
"407",1959,"Bill Virdon","Pirates",144,519,583,132,98,24,2,8,67,41,55,11,65,2,2,5,7,7,4,0.254,1013437,184,291
"408",1984,"Jason Thompson","Pirates",154,543,636,138,99,22,0,17,61,74,87,14,73,2,4,0,13,0,0,0.254,1013014,211,362
"409",1990,"Jay Bell","Pirates",159,583,696,148,106,28,7,7,93,52,65,0,109,3,6,39,14,10,6,0.254,48,211,325
"410",2018,"Gregory Polanco","Pirates",130,461,535,117,56,32,6,23,75,81,61,5,117,3,7,0,11,12,2,0.254,12907,230,345
"411",2007,"Jose Bautista","Pirates",142,532,614,135,82,36,2,15,75,63,68,1,101,4,6,4,16,6,3,0.254,1887,220,335
"412",1947,"Jim Russell","Pirates",128,478,548,121,84,21,8,8,68,51,63,NA,58,2,NA,5,12,7,NA,0.253,1011315,182,315
"413",2006,"Jose Castillo","Pirates",148,518,562,131,92,25,0,14,54,65,32,8,98,5,6,1,22,6,4,0.253,1866,198,262
"414",1955,"Gene Freese","Pirates",134,455,510,115,72,21,8,14,69,44,34,4,57,4,1,16,10,5,1,0.253,1004328,194,293
"415",2002,"Jack Wilson","Pirates",147,527,586,133,103,22,4,4,77,47,37,2,74,4,1,17,7,5,2,0.252,1017,175,271
"416",1920,"George Cutshaw","Pirates",131,488,549,123,99,16,8,0,56,47,23,NA,10,1,NA,37,NA,17,14,0.252,1002913,155,289
"417",1965,"Gene Alley","Pirates",153,500,540,126,94,21,6,5,47,47,32,9,82,4,1,3,11,7,2,0.252,1000160,174,229
"418",1977,"Frank Taveras","Pirates",147,544,600,137,106,20,10,1,72,29,38,2,71,6,3,9,7,70,18,0.252,1012852,180,324
"419",1983,"Dale Berra","Pirates",161,537,614,135,99,25,1,10,51,52,61,19,84,0,2,7,10,8,5,0.251,1000896,192,280
"420",1957,"Bill Virdon","Pirates",144,561,605,141,94,28,11,8,59,50,33,5,69,0,3,8,8,3,3,0.251,1013437,215,291
"421",2013,"Neil Walker","Pirates",133,478,551,120,76,24,4,16,62,53,50,4,85,15,3,5,14,1,2,0.251,7539,200,296
"422",1968,"Bill Mazeroski","Pirates",143,506,556,127,104,18,2,3,36,42,38,10,38,2,4,6,18,3,4,0.251,1008316,158,241
"423",1996,"Jay Bell","Pirates",151,527,598,132,87,29,3,13,65,71,54,5,108,5,6,6,10,6,4,0.25,48,206,299
"424",1945,"Babe Dahlgren","Pirates",144,531,591,133,96,24,8,5,57,75,51,NA,51,2,NA,7,23,1,NA,0.25,1002925,188,323
"425",1937,"Lee Handley","Pirates",127,480,522,120,84,21,12,3,59,37,37,NA,40,1,NA,4,7,5,NA,0.25,1005300,174,273
"426",1952,"Gus Bell","Pirates",131,468,510,117,75,21,5,16,53,59,36,NA,72,2,NA,4,6,1,4,0.25,1000809,196,275
"427",1985,"Tony Pena","Pirates",147,546,587,136,97,27,2,10,53,59,29,4,67,0,5,7,19,12,8,0.249,1010153,197,283
"428",1967,"Donn Clendenon","Pirates",131,478,518,119,89,15,2,13,46,56,34,4,107,1,4,1,15,4,4,0.249,1002345,177,211
"429",1954,"Bob Skinner","Pirates",132,470,530,117,85,15,9,8,67,46,47,NA,59,0,2,11,11,4,0,0.249,1012037,174,279
"430",1947,"Hank Greenberg","Pirates",125,402,510,100,60,13,2,25,71,74,104,NA,73,4,NA,0,16,0,NA,0.249,1004996,192,372
"431",1980,"Omar Moreno","Pirates",162,676,745,168,133,20,13,2,87,36,57,11,101,2,7,3,9,96,33,0.249,1009167,220,397
"432",1936,"Pep Young","Pirates",125,475,514,118,79,23,10,6,47,77,29,NA,52,1,NA,9,9,3,NA,0.248,1014387,179,284
"433",1943,"Vince DiMaggio","Pirates",157,580,651,144,86,41,2,15,64,88,70,NA,126,0,NA,1,8,11,NA,0.248,1003312,234,341
"434",1989,"Barry Bonds","Pirates",159,580,679,144,85,34,6,19,96,58,93,22,93,1,4,1,9,32,10,0.248,1109,247,434
"435",1962,"Bill Virdon","Pirates",156,663,705,164,121,27,10,6,82,47,36,0,65,1,3,2,10,5,13,0.247,1013437,229,335
"436",2007,"Jason Bay","Pirates",145,538,614,133,85,25,2,21,78,84,59,3,141,9,8,0,8,4,1,0.247,1717,225,318
"437",1946,"Ralph Kiner","Pirates",144,502,579,124,81,17,3,23,63,81,74,NA,109,1,NA,2,15,3,NA,0.247,1006923,216,329
"438",1981,"Tim Foli","Pirates",86,316,351,78,64,12,2,0,32,20,17,0,10,1,3,14,2,7,7,0.247,1004202,94,161
"439",2010,"Garrett Jones","Pirates",158,592,654,146,90,34,1,21,64,86,53,2,123,1,8,0,18,7,3,0.247,2714,245,333
"440",1978,"Bill Robinson","Pirates",136,499,552,123,71,36,2,14,70,80,35,8,105,5,11,2,7,14,11,0.246,1011054,205,304
"441",2004,"Rob Mackowiak","Pirates",155,491,555,121,76,22,6,17,65,75,50,2,114,6,7,1,3,13,4,0.246,995,206,301
"442",1994,"Andy Van Slyke","Pirates",105,374,431,92,65,18,3,6,41,30,52,7,72,2,2,0,9,7,0,0.246,1013363,134,194
"443",1963,"Dick Schofield","Pirates",138,541,619,133,110,18,2,3,54,32,69,1,83,3,2,4,10,2,4,0.246,1011601,164,241
"444",1975,"Richie Hebner","Pirates",128,472,534,116,81,16,4,15,65,57,43,6,48,10,5,3,7,0,1,0.246,1005571,185,312
"445",2002,"Kevin Young","Pirates",146,468,525,115,72,26,1,16,60,51,50,2,101,4,3,0,13,4,6,0.246,1018,191,259
"446",1963,"Bill Mazeroski","Pirates",142,534,576,131,98,22,3,8,43,52,32,6,46,0,3,7,15,2,0,0.245,1008316,183,266
"447",1955,"Frank Thomas","Pirates",142,510,581,125,82,16,2,25,72,72,60,10,76,2,6,3,13,2,0,0.245,1012976,220,352
"448",1982,"Omar Moreno","Pirates",158,645,706,158,128,18,9,3,82,44,44,2,121,1,6,10,6,60,26,0.245,1009167,203,313
"449",1968,"Gene Alley","Pirates",133,474,530,116,90,20,2,4,48,39,39,6,78,5,3,9,20,13,5,0.245,1000160,152,218
"450",1952,"Ralph Kiner","Pirates",149,516,633,126,70,17,2,37,90,87,110,NA,77,7,NA,0,6,3,0,0.244,1006923,258,478
"451",1949,"Stan Rojek","Pirates",144,557,625,136,115,19,2,0,72,31,50,NA,31,2,NA,16,10,4,NA,0.244,1011155,159,287
"452",2012,"Pedro Alvarez","Pirates",149,525,586,128,72,25,1,30,64,85,57,6,180,1,3,0,10,1,0,0.244,2495,245,273
"453",1964,"Bill Virdon","Pirates",145,473,511,115,98,11,3,3,59,27,30,1,48,0,3,5,12,1,5,0.243,1013437,141,210
"454",1943,"Pete Coscarart","Pirates",133,491,546,119,94,19,6,0,57,48,46,NA,48,0,NA,9,10,4,NA,0.242,1002649,150,257
"455",1959,"Bill Mazeroski","Pirates",135,493,537,119,91,15,6,7,50,59,29,1,54,1,4,10,16,1,3,0.241,1008316,167,253
"456",2000,"Pat Meares","Pirates",132,462,514,111,74,22,2,13,55,47,36,6,91,8,3,5,13,1,0,0.24,1008712,176,232
"457",1977,"Omar Moreno","Pirates",150,492,533,118,83,19,9,7,69,34,38,5,102,1,2,0,4,53,16,0.24,1009167,176,269
"458",1969,"Freddie Patek","Pirates",147,460,522,110,95,9,1,5,48,32,53,15,86,1,1,7,14,15,8,0.239,1010052,136,199
"459",1942,"Vince DiMaggio","Pirates",143,496,560,118,78,22,3,15,57,75,52,NA,87,1,NA,11,13,10,NA,0.238,1003312,191,299
"460",1989,"Andy Van Slyke","Pirates",130,476,532,113,77,18,9,9,64,53,47,3,100,3,4,1,13,16,4,0.237,1013363,176,259
"461",1993,"Kevin Young","Pirates",141,449,508,106,73,24,3,6,38,47,36,3,82,9,9,5,9,2,2,0.236,1018,154,204
"462",1992,"Jose Lind","Pirates",135,468,507,110,95,14,1,0,38,39,26,12,29,1,4,7,14,3,1,0.235,1007623,126,204
"463",1978,"Omar Moreno","Pirates",155,515,621,121,97,15,7,2,95,33,81,4,104,3,5,17,5,71,22,0.235,1009167,156,335
"464",2002,"Aramis Ramirez","Pirates",142,522,570,122,78,26,0,18,51,71,29,3,95,8,11,0,17,2,0,0.234,1002,202,268
"465",2013,"Pedro Alvarez","Pirates",152,558,614,130,70,22,2,36,70,100,48,7,186,4,4,0,16,2,0,0.233,2495,264,302
"466",1954,"Curt Roberts","Pirates",134,496,565,115,89,18,7,1,47,36,55,NA,49,2,3,9,6,6,3,0.232,1011026,150,247
"467",1989,"Jose Lind","Pirates",153,578,637,134,108,21,3,2,52,48,39,7,64,2,5,13,13,15,1,0.232,1007623,167,259
"468",2001,"Kevin Young","Pirates",142,449,507,104,57,33,0,14,53,65,42,3,119,11,5,0,17,15,11,0.232,1018,179,246
"469",1992,"Jeff King","Pirates",130,480,522,111,74,21,2,14,56,65,27,3,56,2,5,8,8,4,6,0.231,1006931,178,276
"470",1963,"Bob Bailey","Pirates",154,570,640,130,100,15,3,12,60,45,58,2,98,5,3,4,9,10,9,0.228,1000420,187,267
"471",1942,"Pete Coscarart","Pirates",133,487,536,111,92,12,4,3,57,29,38,NA,56,3,NA,8,8,2,NA,0.228,1002649,140,213
"472",1920,"Charlie Grimm","Pirates",148,533,581,121,99,13,7,2,38,54,30,NA,40,4,NA,14,NA,7,8,0.227,1005068,154,247
"473",2013,"Russell Martin","Pirates",127,438,506,99,63,21,0,15,51,55,58,2,108,8,1,1,13,9,5,0.226,4616,165,238
"474",1951,"George Strickland","Pirates",138,454,528,98,70,12,7,9,59,47,65,NA,83,3,NA,6,9,4,2,0.216,1012615,151,246
"475",1954,"Gair Allie","Pirates",121,418,482,83,66,8,6,3,38,30,56,NA,84,2,3,3,3,1,1,0.199,1000162,112,155
